ID;ФИО;Дата рождения;Семейное положение;Дети;Отдел;Должность;Рабочий стаж (лет);Наличие правонарушений/ судимостей;Наличие выговоров по трудовой дисциплине;Трудовые заслуги;Образование;Дополнительная квалификация;Исполнительность/ дисциплинированность;Коммуникабельность;Стрессоустойчивость;Лидерство;Порядочность/ честность;Энергичность;Кандидат на увольнение
1;Иванов Иван Иванович;03.08.1969;холост;есть дети;Отдел эксплуатации автоматизированных систем коммерческого учета электроэнергии (ОЭ АСКУЭ);Мастер участка службы подстанций;25;Нет;Да;Нет;высшее образование - бакалавриат;Нет;10;5;7;2;2;1;0
2;Петров Александр Федорович;04.05.1968;разведен;;Западный участок;Начальник района электрических сетей;11;Нет;Нет;Да;высшее образование - специалитет магистратура;Нет;0;5;4;0;10;1;0
3;Васильев Александр Николаевич;24.05.1968;холост;есть дети;Отдел эксплуатации ИТ (ОЭ ИТ);Технический IT-специалист;5;Нет;Да;Нет;высшее образование - бакалавриат;Нет;5;0;10;9;4;6;1
4;Осипов Марк Михайлович;14.10.1988;разведен;есть дети;Отдел эксплуатации телекоммуникаций (ОЭ ТК);Инженер 1 категории управления технологического развития и цифровизации;10;Нет;Нет;Нет;высшее образование - бакалавриат;Да;7;8;4;2;8;1;0
5;Устинов Ипполит Антонинович;03.03.1970;холост;;Восточный участок;Специалист Центра обслуживания потребителей;5;Нет;Нет;Нет;высшее образование - бакалавриат;Нет;1;1;1;10;3;0;0
6;Носков Моисей Наумович;08.01.1994;холост;есть дети;Западный участок;Техник отдела маркетинга и взаимодействия с клиентами;10;Нет;Нет;Нет;среднее профессиональное образование;Нет;3;3;6;3;6;2;0
7;Беспалов Алексей Улебович;21.10.1966;разведен;есть дети;Отдел эксплуатации телекоммуникаций (ОЭ ТК);Электромонтер по испытаниям и измерениям;4;Нет;Нет;Нет;среднее профессиональное образование;Да;0;10;3;7;1;2;0
8;Дмитриев Моисей Семенович;08.02.1959;разведен;есть дети;Западный участок;Начальник участка отдела метрологии и качества электроэнергии;13;Нет;Нет;Нет;высшее образование - специалитет магистратура;Нет;7;7;10;8;5;7;0
9;Гришин Степан Лаврентьевич;27.04.1965;женат;;Отдел эксплуатации телекоммуникаций (ОЭ ТК);Электромонтер по эксплуатации РС;4;Да;Да;Нет;среднее профессиональное образование;Нет;2;9;2;4;0;10;1
10;Романов Кондрат Улебович;13.09.1983;холост;есть дети;Отдел безопасности;Инженер управления производственной безопасности и производственного контроля;5;Нет;Нет;Нет;высшее образование - бакалавриат;Нет;8;2;5;4;2;3;0
11;Назаров Борис Денисович;09.11.1989;женат;есть дети;Отдел эксплуатации телекоммуникаций (ОЭ ТК);Электромонтер по эксплуатации РС;10;Нет;Нет;Нет;среднее профессиональное образование;Да;7;7;5;2;3;4;0
12;Рыбаков Аввакуум Тихонович;10.09.1988;женат;;Отдел эксплуатации телекоммуникаций (ОЭ ТК);Инженер 1 категории управления технологического развития и цифровизации;17;Нет;Нет;Нет;высшее образование - бакалавриат;Да;3;8;2;5;7;4;0
13;Медведев Пантелей Алексеевич;23.05.1965;разведен;;Отдел эксплуатации ИТ (ОЭ ИТ);Технический IT-специалист;20;Нет;Нет;Нет;высшее образование - бакалавриат;Нет;0;7;4;4;3;7;0
14;Яковлев Моисей Филиппович;17.05.1963;холост;есть дети;Управление корпоративных и технологических автоматизированных систем управления (УКиТ АСУ);Инженер отдела эксплуатации и развития систем учета;16;Нет;Нет;Да;высшее образование - бакалавриат;Нет;8;8;10;4;6;3;0
15;Вишняков Мирослав Фролович;12.06.1958;разведен;есть дети;Отдел эксплуатации автоматизированных систем коммерческого учета электроэнергии (ОЭ АСКУЭ);Электромонтер по эксплуатации электросчетчиков;16;Нет;Нет;Нет;среднее профессиональное образование;Нет;8;3;5;9;8;7;0
16;Уваров Лаврентий Вадимович;28.08.1959;холост;;Восточный участок;Начальник района электрических сетей;9;Нет;Нет;Да;высшее образование - специалитет магистратура;Нет;1;6;8;4;0;9;0
17;Соболев Давид Олегович;19.09.1994;разведен;;Центральный участок;Начальник района электрических сетей;8;Нет;Нет;Да;высшее образование - специалитет магистратура;Да;9;4;4;8;4;8;0
18;Белов Адам Владимирович;17.09.1984;разведен;;Управление корпоративных и технологических автоматизированных систем управления (УКиТ АСУ);Инженер отдела эксплуатации и развития систем учета;7;Нет;Нет;Нет;высшее образование - бакалавриат;Нет;0;8;2;1;8;10;0
19;Фёдоров Трофим Демьянович;06.03.1990;холост;;Отдел эксплуатации автоматизированных систем коммерческого учета электроэнергии (ОЭ АСКУЭ);Мастер участка службы подстанций;13;Да;Да;Нет;высшее образование - бакалавриат;Нет;7;6;1;9;7;1;1
20;Молчанов Людвиг Валерьевич;21.06.1995;разведен;;Отдел эксплуатации автоматизированных систем диспетчерского управления (ОЭ АСДУ);Электромонтер по эксплуатации распределительных сетей;1;Нет;Нет;Нет;среднее профессиональное образование;Нет;9;10;6;1;9;8;0
21;Лыткин Родион Богданович;13.11.1959;холост;есть дети;Управление корпоративных и технологических автоматизированных систем управления (УКиТ АСУ);Диспетчер оперативно-технологической группы;4;Нет;Нет;Нет;высшее образование - бакалавриат;Нет;0;3;3;4;2;9;0
22;Семёнов Гордий Натанович;04.12.1969;женат;есть дети;Западный участок;Инженер охраны труда;8;Нет;Нет;Нет;высшее образование - бакалавриат;Нет;5;3;7;5;3;4;0
23;Михайлов Тимофей Феликсович;10.04.1973;разведен;;Отдел эксплуатации автоматизированных систем коммерческого учета электроэнергии (ОЭ АСКУЭ);Электромонтер по эксплуатации электросчетчиков;19;Нет;Нет;Нет;среднее профессиональное образование;Нет;3;1;2;1;9;5;0
24;Рогов Гаянэ Юрьевич;08.06.1982;женат;;Отдел эксплуатации автоматизированных систем коммерческого учета электроэнергии (ОЭ АСКУЭ);Электромонтер по эксплуатации электросчетчиков;24;Нет;Нет;Нет;среднее профессиональное образование;Нет;0;1;4;4;8;6;0
25;Никитин Витольд Викторович;01.03.1975;женат;есть дети;Центральный участок;Специалист Центра обслуживания потребителей;3;Нет;Нет;Нет;среднее профессиональное образование;Нет;8;2;4;5;1;5;0
26;Ильин Юлий Иринеевич;14.12.1979;холост;есть дети;Центральный участок;Начальник участка отдела метрологии и качества электроэнергии;8;Нет;Нет;Нет;высшее образование - специалитет магистратура;Да;2;3;6;1;0;5;0
27;Рожков Георгий Львович;21.08.1969;холост;есть дети;Отдел безопасности;Инженер управления производственной безопасности и производственного контроля;14;Нет;Нет;Нет;высшее образование - бакалавриат;Нет;10;2;2;0;1;1;0
28;Котов Нинель Робертович;27.08.1985;холост;;Управление корпоративных и технологических автоматизированных систем управления (УКиТ АСУ);Диспетчер оперативно-технологической группы;21;Нет;Нет;Нет;высшее образование - бакалавриат;Да;5;4;3;9;3;10;0
29;Гаврилов Денис Мартынович;08.08.1995;разведен;есть дети;Отдел безопасности;Специалист по ИБ;3;Да;Да;Нет;высшее образование - бакалавриат;Нет;6;10;2;2;1;10;1
30;Иванов Тарас Юлианович;30.09.1964;женат;;Управление корпоративных и технологических автоматизированных систем управления (УКиТ АСУ);Инженер отдела эксплуатации и развития систем учета;22;Нет;Нет;Нет;высшее образование - бакалавриат;Нет;4;3;1;5;4;8;0
31;Савельев Ким Тимофеевич;24.10.1988;женат;есть дети;Отдел эксплуатации ИТ (ОЭ ИТ);ИТ-специалист;2;Нет;Да;Нет;высшее образование - бакалавриат;Нет;1;0;6;7;8;8;1
32;Никонов Витольд Дмитрьевич;03.09.1962;женат;есть дети;Отдел эксплуатации телекоммуникаций (ОЭ ТК);Инженер 1 категории управления технологического развития и цифровизации;15;Нет;Нет;Да;высшее образование - бакалавриат;Да;6;5;9;4;2;5;0
33;Гурьев Илья Иванович;12.02.1977;женат;есть дети;Управление корпоративных и технологических автоматизированных систем управления (УКиТ АСУ);Электромонтер оперативно-выездной бригады ;15;Нет;Нет;Нет;среднее профессиональное образование;Нет;8;0;6;8;10;8;0
34;Зыков Виктор Петрович;30.12.1973;разведен;есть дети;Западный участок;Техник отдела маркетинга и взаимодействия с клиентами;18;Нет;Нет;Нет;среднее профессиональное образование;Нет;7;8;6;9;6;5;0
35;Виноградов Юстин Лукьевич;29.09.1957;разведен;есть дети;Отдел эксплуатации автоматизированных систем коммерческого учета электроэнергии (ОЭ АСКУЭ);Электромонтер по эксплуатации РС;6;Нет;Нет;Нет;среднее профессиональное образование;Нет;4;5;3;7;8;10;0
36;Иванов Роберт Натанович;15.04.1994;разведен;;Отдел эксплуатации ИТ (ОЭ ИТ);ИТ-специалист;23;Нет;Нет;Нет;высшее образование - бакалавриат;Нет;10;1;6;10;6;0;0
37;Рожков Гавриил Рубенович;15.01.1996;разведен;есть дети;Отдел эксплуатации телекоммуникаций (ОЭ ТК);Электромонтер по испытаниям и измерениям;10;Нет;Нет;Нет;высшее образование - бакалавриат;Нет;7;1;7;4;10;0;0
38;Авдеев Абрам Эдуардович;16.06.1977;холост;;Отдел эксплуатации автоматизированных систем диспетчерского управления (ОЭ АСДУ);Электромонтер по ремонту воздушных линий электропередачи;17;Нет;Нет;Нет;высшее образование - бакалавриат;Нет;8;9;2;2;5;10;0
39;Емельянов Венедикт Евгеньевич;03.01.1961;разведен;есть дети;Смоленский городской участок (СГУ);Инженер охраны труда;14;Да;Нет;Нет;высшее образование - бакалавриат;Нет;1;0;6;0;9;3;1
40;Калашников Абрам Якунович;28.08.1981;женат;;Отдел эксплуатации автоматизированных систем коммерческого учета электроэнергии (ОЭ АСКУЭ);Электромонтер оперативно-выездной бригады ;25;Да;Да;Нет;среднее профессиональное образование;Нет;9;8;7;4;0;10;0
41;Гусев Глеб Олегович;07.10.1957;женат;;Управление корпоративных и технологических автоматизированных систем управления (УКиТ АСУ);Инженер по релейной защите и автоматике (РЗА);18;Нет;Нет;Нет;высшее образование - бакалавриат;Нет;6;2;5;10;1;3;0
42;Корнилов Петр Аркадьевич;24.02.1966;женат;есть дети;Отдел эксплуатации ИТ (ОЭ ИТ);Ведущий IT специалист;12;Нет;Нет;Да;высшее образование - специалитет магистратура;Нет;4;4;7;10;10;10;0
43;Гордеев Леонид Артемович;22.02.1958;холост;;Смоленский городской участок (СГУ);Начальник участка отдела метрологии и качества электроэнергии;14;Нет;Нет;Нет;высшее образование - специалитет магистратура;Да;10;9;5;10;8;3;0
44;Михеев Леонтий Филиппович;11.10.1995;холост;есть дети;Смоленский городской участок (СГУ);Главный инженер района электрических сетей;12;Нет;Нет;Нет;высшее образование - специалитет магистратура;Нет;3;9;4;9;4;6;1
45;Голубев Игнатий Федосеевич;07.09.1960;разведен;;Отдел эксплуатации автоматизированных систем коммерческого учета электроэнергии (ОЭ АСКУЭ);Электромонтер по обслуживанию подстанции;20;Нет;Нет;Нет;среднее профессиональное образование;Да;7;10;8;1;5;5;0
46;Карпов Ефрем Глебович;31.12.1990;холост;;Западный участок;Техник отдела маркетинга и взаимодействия с клиентами;24;Нет;Нет;Нет;среднее профессиональное образование;Нет;3;10;4;1;2;6;0
47;Гусев Пантелей Лукьянович;15.06.1962;холост;;Отдел эксплуатации телекоммуникаций (ОЭ ТК);Электромонтер по обслуживанию подстанции;13;Нет;Нет;Нет;среднее профессиональное образование;Нет;2;2;2;6;4;4;1
48;Колесников Власий Робертович;27.05.1984;женат;есть дети;Восточный участок;Специалист Центра обслуживания потребителей;11;Нет;Нет;Нет;высшее образование - бакалавриат;Нет;4;7;10;3;7;0;0
49;Шашков Любомир Романович;16.09.1962;холост;;Отдел эксплуатации автоматизированных систем диспетчерского управления (ОЭ АСДУ);Электромонтер по эксплуатации распределительных сетей;9;Нет;Нет;Нет;среднее профессиональное образование;Нет;5;1;6;8;2;4;0
50;Ситников Степан Артёмович;02.06.1957;женат;есть дети;Отдел эксплуатации ИТ (ОЭ ИТ);Ведущий IT специалист;10;Нет;Нет;Нет;высшее образование - специалитет магистратура;Нет;7;1;9;3;0;1;1
51;Рожков Геннадий Протасьевич;16.12.1957;холост;;Отдел эксплуатации ИТ (ОЭ ИТ);Технический IT-специалист;18;Нет;Нет;Нет;высшее образование - специалитет магистратура;Нет;8;1;4;9;8;2;1
52;Исаев Людвиг Созонович;06.04.1973;холост;;Управление корпоративных и технологических автоматизированных систем управления (УКиТ АСУ);Инженер по релейной защите и автоматике (РЗА);5;Нет;Нет;Нет;высшее образование - бакалавриат;Нет;8;9;6;4;2;5;0
53;Матвеев Роман Геннадьевич;14.08.1979;холост;есть дети;Отдел эксплуатации телекоммуникаций (ОЭ ТК);Инженер 1 категории управления технологического развития и цифровизации;10;Нет;Нет;Нет;высшее образование - специалитет магистратура;Да;1;1;9;10;8;2;0
54;Шубин Гурий Геласьевич;10.07.1979;холост;;Отдел эксплуатации автоматизированных систем коммерческого учета электроэнергии (ОЭ АСКУЭ);Электромонтер по эксплуатации электросчетчиков;13;Нет;Нет;Нет;среднее профессиональное образование;Нет;6;5;6;9;9;8;0
55;Лобанов Эдуард Тарасович;06.02.1988;разведен;;Управление корпоративных и технологических автоматизированных систем управления (УКиТ АСУ);Инженер отдела эксплуатации и развития систем учета;7;Нет;Нет;Нет;высшее образование - бакалавриат;Нет;5;9;2;0;8;6;0
56;Дьячков Вадим Юрьевич;12.03.1996;холост;есть дети;Управление корпоративных и технологических автоматизированных систем управления (УКиТ АСУ);Диспетчер оперативно-технологической группы;3;Нет;Да;Нет;высшее образование - бакалавриат;Нет;2;9;7;1;5;0;1
57;Жуков Устин Аркадьевич;25.04.1989;женат;;Центральный участок;Начальник участка отдела метрологии и качества электроэнергии;18;Нет;Нет;Да;высшее образование - специалитет магистратура;Нет;7;2;6;6;10;8;0
58;Поляков Устин Витальевич;26.05.1974;женат;;Управление корпоративных и технологических автоматизированных систем управления (УКиТ АСУ);Инженер по релейной защите и автоматике (РЗА);5;Нет;Нет;Нет;высшее образование - бакалавриат;Нет;8;1;10;0;0;4;0
59;Михеев Даниил Тарасович;01.05.1995;женат;;Управление корпоративных и технологических автоматизированных систем управления (УКиТ АСУ);Инженер по релейной защите и автоматике (РЗА);6;Нет;Нет;Нет;высшее образование - бакалавриат;Да;6;0;4;2;0;7;0
60;Рожков Егор Тарасович;24.06.1958;женат;;Отдел эксплуатации телекоммуникаций (ОЭ ТК);Электромонтер по испытаниям и измерениям;3;Нет;Нет;Нет;среднее профессиональное образование;Нет;8;7;3;2;7;8;0
61;Зайцев Дмитрий Глебович;22.08.1990;холост;;Западный участок;Инженер охраны труда;12;Нет;Нет;Нет;среднее профессиональное образование;Нет;10;2;1;9;9;9;0
62;Носков Авраам Рубенович;14.10.1976;холост;;Центральный участок;Техник отдела маркетинга и взаимодействия с клиентами;7;Нет;Нет;Нет;среднее профессиональное образование;Нет;1;4;5;5;1;5;0
63;Власов Августин Геласьевич;12.01.1994;холост;есть дети;Центральный участок;Техник отдела маркетинга и взаимодействия с клиентами;21;Нет;Нет;Нет;среднее профессиональное образование;Нет;8;10;1;3;1;8;0
64;Наумов Азарий Донатович;15.11.1983;холост;;Отдел эксплуатации телекоммуникаций (ОЭ ТК);Электромонтер по эксплуатации РС;1;Нет;Нет;Нет;среднее профессиональное образование;Нет;9;4;9;5;8;6;1
65;Журавлёв Лазарь Данилович;12.06.1973;холост;есть дети;Восточный участок;Инженер охраны труда;16;Нет;Да;Нет;высшее образование - бакалавриат;Нет;6;10;4;3;8;10;1
66;Харитонов Иван Егорович;07.04.1976;холост;есть дети;Западный участок;Главный инженер района электрических сетей;6;Да;Нет;Нет;высшее образование - специалитет магистратура;Нет;1;10;7;0;4;5;1
67;Куликов Иннокентий Русланович;30.01.1996;холост;;Управление корпоративных и технологических автоматизированных систем управления (УКиТ АСУ);Диспетчер оперативно-технологической группы;7;Нет;Нет;Нет;высшее образование - бакалавриат;Нет;10;3;1;10;7;0;0
68;Большаков Артур Тарасович;26.08.1970;разведен;есть дети;Отдел безопасности;Инженер по релейной защите и автоматике (РЗА);8;Нет;Нет;Нет;высшее образование - бакалавриат;Нет;4;4;9;10;0;8;0
69;Константинов Семен Протасьевич;28.01.1985;холост;;Управление корпоративных и технологических автоматизированных систем управления (УКиТ АСУ);Инженер отдела эксплуатации и развития систем учета;2;Нет;Нет;Нет;высшее образование - бакалавриат;Нет;6;2;6;6;3;2;0
70;Филиппов Артур Аристархович;19.07.1959;разведен;есть дети;Отдел эксплуатации ИТ (ОЭ ИТ);ИТ-специалист;10;Нет;Нет;Да;высшее образование - специалитет магистратура;Да;6;7;8;8;2;5;0
71;Суханов Никифор Ярославович;26.05.1989;женат;есть дети;Западный участок;Специалист по охране труда;14;Нет;Нет;Нет;высшее образование - бакалавриат;Нет;1;2;1;2;2;5;1
72;Зуев Лавр Созонович;29.10.1992;холост;;Смоленский городской участок (СГУ);Техник отдела маркетинга и взаимодействия с клиентами;3;Нет;Нет;Нет;среднее профессиональное образование;Нет;9;9;4;3;10;10;0
73;Королёв Аверкий Юрьевич;23.02.1983;холост;есть дети;Отдел эксплуатации автоматизированных систем коммерческого учета электроэнергии (ОЭ АСКУЭ);Электромонтер по эксплуатации электросчетчиков;5;Да;Нет;Нет;среднее профессиональное образование;Нет;8;0;10;4;8;3;0
74;Вишняков Павел Наумович;03.07.1995;холост;;Управление корпоративных и технологических автоматизированных систем управления (УКиТ АСУ);Электромонтер оперативно-выездной бригады ;3;Нет;Нет;Да;среднее профессиональное образование;Нет;6;2;3;4;2;9;0
75;Михеев Всеволод Федотович;28.05.1960;холост;;Отдел эксплуатации ИТ (ОЭ ИТ);Технический IT-специалист;11;Нет;Нет;Нет;среднее профессиональное образование;Нет;8;9;9;8;9;1;1
76;Карпов Архип Мартынович;22.01.1967;женат;;Смоленский городской участок (СГУ);Начальник участка отдела метрологии и качества электроэнергии;12;Нет;Нет;Нет;высшее образование - специалитет магистратура;Нет;1;7;7;10;10;3;0
77;Зыков Тарас Федотович;04.03.1977;разведен;есть дети;Отдел эксплуатации автоматизированных систем диспетчерского управления (ОЭ АСДУ);Электромонтер по ремонту воздушных линий электропередачи;11;Нет;Да;Да;среднее профессиональное образование;Нет;0;0;5;6;4;6;1
78;Голубев Казимир Всеволодович;24.09.1983;холост;;Управление корпоративных и технологических автоматизированных систем управления (УКиТ АСУ);Инженер отдела эксплуатации и развития систем учета;5;Нет;Нет;Нет;высшее образование - бакалавриат;Нет;4;8;5;5;5;6;0
79;Борисов Тарас Ефимович;22.07.1978;женат;есть дети;Западный участок;Инженер ПТО;13;Нет;Да;Нет;высшее образование - бакалавриат;Нет;6;7;6;7;8;3;0
80;Зайцев Анатолий Денисович;04.01.1976;холост;;Центральный участок;Начальник участка отдела метрологии и качества электроэнергии;21;Нет;Нет;Да;высшее образование - специалитет магистратура;Нет;3;5;5;4;2;4;1
81;Русаков Клим Германович;09.11.1982;разведен;;Южный участок;Инженер ПТО;21;Нет;Нет;Нет;высшее образование - бакалавриат;Да;10;8;6;10;1;10;0
82;Цветков Валентин Гордеевич;22.07.1995;холост;;Восточный участок;Главный инженер района электрических сетей;14;Нет;Нет;Да;высшее образование - специалитет магистратура;Нет;4;1;5;7;4;4;0
83;Сидоров Ираклий Владиславович;08.06.1989;женат;есть дети;Отдел безопасности;Инженер управления производственной безопасности и производственного контроля;20;Нет;Нет;Нет;высшее образование - бакалавриат;Нет;1;2;0;3;5;2;1
84;Соколов Самуил Геннадиевич;17.04.1989;разведен;есть дети;Отдел эксплуатации автоматизированных систем диспетчерского управления (ОЭ АСДУ);Электромонтер по эксплуатации распределительных сетей;17;Да;Нет;Нет;среднее профессиональное образование;Нет;2;4;4;1;7;9;1
85;Дементьев Николай Юлианович;16.07.1982;женат;;Восточный участок;Инженер ПТО;2;Нет;Нет;Нет;высшее образование - бакалавриат;Нет;0;0;7;9;5;9;0
86;Брагин Витольд Авксентьевич;15.06.1987;женат;есть дети;Восточный участок;Инженер охраны труда;3;Нет;Нет;Нет;высшее образование - бакалавриат;Нет;2;8;10;10;7;2;0
87;Смирнов Любовь Эльдарович;16.04.1983;женат;;Отдел эксплуатации ИТ (ОЭ ИТ);Технический IT-специалист;10;Нет;Да;Нет;высшее образование - бакалавриат;Нет;9;4;5;5;4;6;1
88;Аксёнов Юрий Львович;25.09.1962;женат;;Отдел эксплуатации ИТ (ОЭ ИТ);Ведущий IT специалист;5;Нет;Нет;Нет;высшее образование - специалитет магистратура;Нет;5;3;7;4;10;8;0
89;Ильин Севастьян Всеволодович;20.01.1995;разведен;есть дети;Центральный участок;Главный инженер района электрических сетей;2;Нет;Нет;Нет;высшее образование - специалитет магистратура;Да;5;1;5;10;9;4;0
90;Степанов Любовь Натанович;18.08.1990;женат;;Отдел эксплуатации автоматизированных систем диспетчерского управления (ОЭ АСДУ);Мастер бригады по эксплуатации распределительных сетей;16;Нет;Нет;Да;среднее профессиональное образование;Нет;2;10;8;6;5;6;0
91;Бирюков Людвиг Миронович;09.04.1979;холост;есть дети;Восточный участок;Специалист по охране труда;21;Нет;Нет;Нет;высшее образование - бакалавриат;Нет;3;0;7;5;2;10;0
92;Игнатьев Илларион Давидович;02.10.1975;женат;есть дети;Смоленский городской участок (СГУ);Мастер бригады РЭС;5;Нет;Да;Нет;среднее профессиональное образование;Нет;3;8;10;1;9;0;1
93;Орлов Мстислав Игнатьевич;28.10.1985;холост;;Центральный участок;Инженер ПТО;20;Нет;Нет;Нет;высшее образование - бакалавриат;Нет;2;3;10;4;3;1;0
94;Гурьев Вячеслав Львович;06.05.1967;женат;есть дети;Управление корпоративных и технологических автоматизированных систем управления (УКиТ АСУ);Инженер отдела эксплуатации и развития систем учета;13;Нет;Нет;Нет;высшее образование - бакалавриат;Нет;4;2;2;7;1;3;1
95;Сазонов Назарий Аристархович;04.08.1962;разведен;;Отдел эксплуатации ИТ (ОЭ ИТ);ИТ-специалист;9;Нет;Нет;Нет;высшее образование - бакалавриат;Нет;5;7;2;9;7;2;0
96;Горбачёв Игнатий Адольфович;11.04.1995;женат;есть дети;Отдел эксплуатации автоматизированных систем диспетчерского управления (ОЭ АСДУ);Инженер отдела эксплуатации и развития систем учета;23;Нет;Нет;Нет;высшее образование - бакалавриат;Нет;10;2;1;9;9;5;0
97;Орехов Арсен Святославович;03.11.1964;разведен;;Управление корпоративных и технологических автоматизированных систем управления (УКиТ АСУ);Диспетчер оперативно-технологической группы;15;Нет;Нет;Нет;среднее профессиональное образование;Да;0;10;2;3;4;3;0
98;Ершов Мирослав Германнович;07.03.1997;женат;;Управление корпоративных и технологических автоматизированных систем управления (УКиТ АСУ);Инженер по релейной защите и автоматике (РЗА);19;Нет;Нет;Нет;высшее образование - бакалавриат;Нет;9;2;2;10;7;1;0
99;Петухов Самуил Натанович;11.09.1994;разведен;есть дети;Западный участок;Инженер-электрик;1;Да;Нет;Нет;высшее образование - бакалавриат;Нет;4;9;1;0;10;0;1
100;Николаев Иосиф Пантелеймонович;12.03.1997;разведен;;Отдел эксплуатации ИТ (ОЭ ИТ);Технический IT-специалист;22;Нет;Нет;Нет;высшее образование - бакалавриат;Нет;1;1;6;4;8;6;0
101;Одинцов Рудольф Демьянович;02.05.1977;разведен;;Центральный участок;Техник отдела маркетинга и взаимодействия с клиентами;16;Нет;Нет;Нет;среднее профессиональное образование;Нет;9;3;7;8;0;3;1
102;Сазонов Демьян Германнович;07.03.1965;разведен;есть дети;Отдел эксплуатации телекоммуникаций (ОЭ ТК);Электромонтер по эксплуатации РС;21;Нет;Да;Нет;среднее профессиональное образование;Нет;1;9;1;7;1;5;0
103;Громов Ростислав Вадимович;21.02.1978;женат;есть дети;Восточный участок;Начальник участка отдела метрологии и качества электроэнергии;9;Нет;Нет;Нет;высшее образование - специалитет магистратура;Нет;0;0;0;10;4;0;0
104;Кондратьев Власий Серапионович;11.11.1983;женат;есть дети;Управление корпоративных и технологических автоматизированных систем управления (УКиТ АСУ);Инженер отдела эксплуатации и развития систем учета;21;Нет;Нет;Нет;высшее образование - бакалавриат;Нет;1;4;10;7;8;0;0
105;Туров Яков Анатольевич;03.11.1979;холост;;Отдел эксплуатации автоматизированных систем диспетчерского управления (ОЭ АСДУ);Электромонтер по ремонту воздушных линий электропередачи;23;Нет;Нет;Нет;среднее профессиональное образование;Нет;3;2;2;5;2;4;1
106;Горшков Осип Артемович;11.05.1982;женат;;Отдел эксплуатации ИТ (ОЭ ИТ);Технический IT-специалист;2;Нет;Нет;Нет;высшее образование - бакалавриат;Нет;3;5;6;7;1;3;0
107;Яковлев Фрол Витальевич;17.04.1959;разведен;есть дети;Южный участок;Главный инженер района электрических сетей;15;Нет;Нет;Нет;высшее образование - специалитет магистратура;Нет;5;9;4;3;3;1;0
108;Дмитриев Любовь Ярославович;16.08.1962;холост;;Отдел эксплуатации ИТ (ОЭ ИТ);ИТ-специалист;23;Нет;Нет;Да;высшее образование - бакалавриат;Да;8;2;8;7;3;6;0
109;Логинов Герасим Никитевич;22.04.1982;женат;;Отдел эксплуатации автоматизированных систем диспетчерского управления (ОЭ АСДУ);Электромонтер по эксплуатации распределительных сетей;2;Нет;Нет;Нет;среднее профессиональное образование;Нет;10;3;2;10;1;6;0
110;Гусев Игорь Еремеевич;08.11.1997;разведен;;Отдел безопасности;Специалист по ИБ;1;Нет;Нет;Нет;высшее образование - бакалавриат;Нет;7;7;9;7;10;8;0
111;Комиссаров Платон Даниилович;08.06.1985;разведен;;Смоленский городской участок (СГУ);Специалист по охране труда;20;Нет;Нет;Нет;среднее профессиональное образование;Да;3;6;5;9;6;4;0
112;Буров Борис Арсеньевич;07.05.1979;холост;;Смоленский городской участок (СГУ);Инженер-электрик;14;Нет;Нет;Нет;высшее образование - бакалавриат;Да;2;2;2;3;3;8;1
113;Агафонов Афанасий Макарович;10.05.1971;холост;есть дети;Восточный участок;Инженер отдела эксплуатации и развития систем учета;16;Нет;Нет;Нет;высшее образование - бакалавриат;Нет;0;0;2;5;10;5;0
114;Федотов Зиновий Максович;28.04.1998;холост;;Отдел безопасности;Специалист по ИБ;15;Нет;Нет;Нет;среднее профессиональное образование;Нет;5;5;4;0;6;10;1
115;Давыдов Велорий Артёмович;15.11.1985;разведен;;Восточный участок;Специалист Центра обслуживания потребителей;22;Нет;Нет;Нет;среднее профессиональное образование;Нет;9;3;5;4;0;9;0
116;Прохоров Иннокентий Онисимович;12.02.1980;холост;есть дети;Отдел эксплуатации автоматизированных систем коммерческого учета электроэнергии (ОЭ АСКУЭ);Электромонтер оперативно-выездной бригады ;13;Да;Нет;Нет;среднее профессиональное образование;Нет;0;2;9;1;5;8;1
117;Зуев Корней Проклович;10.09.1982;женат;есть дети;Отдел безопасности;Инженер управления производственной безопасности и производственного контроля;2;Да;Нет;Нет;высшее образование - бакалавриат;Нет;6;3;7;7;2;7;1
118;Наумов Илларион Эдуардович;12.03.1964;холост;;Центральный участок;Инженер ПТО;1;Нет;Нет;Нет;высшее образование - бакалавриат;Нет;8;2;3;5;8;6;0
119;Носков Мирослав Игоревич;17.06.1996;женат;;Отдел эксплуатации автоматизированных систем коммерческого учета электроэнергии (ОЭ АСКУЭ);Мастер участка службы подстанций;9;Нет;Нет;Нет;высшее образование - бакалавриат;Нет;0;4;1;2;0;2;0
120;Ефремов Гавриил Денисович;30.05.1994;разведен;есть дети;Отдел эксплуатации телекоммуникаций (ОЭ ТК);Инженер 1 категории управления технологического развития и цифровизации;15;Нет;Нет;Нет;высшее образование - специалитет магистратура;Да;6;3;8;4;6;3;0
121;Крюков Тихон Владимирович;29.09.1978;женат;;Отдел эксплуатации автоматизированных систем коммерческого учета электроэнергии (ОЭ АСКУЭ);Электромонтер по обслуживанию подстанции;17;Нет;Нет;Нет;среднее профессиональное образование;Нет;4;3;0;1;3;5;0
122;Третьяков Панкратий Альвианович;11.04.1989;разведен;;Отдел безопасности;Инженер управления производственной безопасности и производственного контроля;3;Нет;Нет;Нет;высшее образование - бакалавриат;Нет;1;2;4;2;5;4;1
123;Блохин Панкратий Тимурович;01.12.1976;холост;есть дети;Отдел безопасности;Инженер по релейной защите и автоматике (РЗА);14;Нет;Нет;Нет;высшее образование - бакалавриат;Нет;10;8;7;10;0;5;0
124;Соловьёв Игорь Гордеевич;15.05.1955;женат;;Центральный участок;Инженер охраны труда;8;Нет;Нет;Нет;высшее образование - бакалавриат;Нет;2;1;5;3;7;3;0
125;Воронов Владимир Мэлсович;02.05.1963;женат;есть дети;Смоленский городской участок (СГУ);Инженер-электрик;5;Нет;Нет;Нет;среднее профессиональное образование;Нет;2;1;4;1;4;3;0
126;Фролов Овидий Евгеньевич;28.04.1986;холост;есть дети;Отдел эксплуатации телекоммуникаций (ОЭ ТК);Электромонтер оперативно-выездной бригады ;9;Нет;Нет;Да;среднее профессиональное образование;Нет;2;10;9;10;4;6;0
127;Щукин Геннадий Семёнович;03.05.1977;разведен;есть дети;Западный участок;Инженер ПТО;10;Нет;Да;Нет;высшее образование - бакалавриат;Да;4;8;10;2;2;1;1
128;Муравьёв Евдоким Еремеевич;22.05.1973;разведен;;Управление корпоративных и технологических автоматизированных систем управления (УКиТ АСУ);Электрослесарь по ремонту оборудования распределительных устройств;2;Нет;Да;Нет;среднее профессиональное образование;Нет;8;9;9;8;7;9;0
129;Туров Ян Богданович;07.09.1962;женат;есть дети;Отдел эксплуатации автоматизированных систем коммерческого учета электроэнергии (ОЭ АСКУЭ);Электромонтер оперативно-выездной бригады ;17;Нет;Нет;Нет;среднее профессиональное образование;Нет;9;0;9;9;6;0;1
130;Марков Анатолий Антонович;18.05.1981;разведен;;Отдел эксплуатации автоматизированных систем диспетчерского управления (ОЭ АСДУ);Мастер бригады по эксплуатации распределительных сетей;8;Нет;Нет;Нет;высшее образование - бакалавриат;Нет;4;6;4;1;4;4;1
131;Шестаков Федор Дмитриевич;08.10.1981;женат;есть дети;Отдел эксплуатации телекоммуникаций (ОЭ ТК);Мастер бригады РЭС;24;Нет;Нет;Нет;высшее образование - бакалавриат;Нет;10;5;3;9;7;10;0
132;Игнатов Алексей Владимирович;11.08.1966;разведен;;Отдел эксплуатации телекоммуникаций (ОЭ ТК);Электромонтер по эксплуатации РС;1;Нет;Нет;Нет;среднее профессиональное образование;Нет;0;6;10;5;3;6;0
133;Соловьёв Антон Альбертович;14.06.1972;женат;есть дети;Отдел эксплуатации автоматизированных систем диспетчерского управления (ОЭ АСДУ);Инженер отдела эксплуатации и развития систем учета;13;Нет;Нет;Нет;высшее образование - бакалавриат;Нет;6;6;5;3;9;2;0
134;Ильин Вячеслав Константинович;04.10.1993;женат;есть дети;Отдел безопасности;Специалист по ИБ;19;Нет;Нет;Нет;высшее образование - бакалавриат;Нет;9;3;3;9;7;10;0
135;Константинов Кирилл Созонович;01.11.1986;женат;;Смоленский городской участок (СГУ);Специалист по охране труда;9;Нет;Нет;Нет;высшее образование - бакалавриат;Нет;2;4;2;3;8;8;0
136;Щукин Альберт Вячеславович;10.09.1977;холост;есть дети;Отдел эксплуатации автоматизированных систем диспетчерского управления (ОЭ АСДУ);Электромонтер по эксплуатации распределительных сетей;8;Нет;Нет;Да;среднее профессиональное образование;Нет;9;6;8;0;2;4;0
137;Меркушев Ефим Улебович;11.10.1965;разведен;;Восточный участок;Специалист по охране труда;15;Нет;Нет;Нет;высшее образование - бакалавриат;Нет;4;1;5;0;7;1;0
138;Тихонов Емельян Денисович;08.02.1961;разведен;есть дети;Отдел безопасности;Специалист по охране труда;3;Нет;Нет;Нет;высшее образование - бакалавриат;Нет;2;4;5;2;3;3;1
139;Котов Евдоким Митрофанович;04.01.1959;женат;;Смоленский городской участок (СГУ);Техник отдела маркетинга и взаимодействия с клиентами;15;Нет;Нет;Да;среднее профессиональное образование;Нет;2;5;4;6;5;10;0
140;Лапин Григорий Германович;11.08.1983;холост;;Смоленский городской участок (СГУ);Инженер-электрик;1;Да;Нет;Нет;высшее образование - бакалавриат;Нет;2;0;8;10;5;10;1
141;Бобылёв Максим Ильяович;11.04.1963;разведен;;Восточный участок;Инженер-электрик;4;Нет;Да;Нет;высшее образование - бакалавриат;Нет;1;0;3;4;0;1;1
142;Симонов Константин Давидович;05.07.1980;разведен;;Отдел эксплуатации автоматизированных систем коммерческого учета электроэнергии (ОЭ АСКУЭ);Электромонтер по эксплуатации электросчетчиков;4;Нет;Нет;Нет;среднее профессиональное образование;Нет;0;7;9;6;6;9;0
143;Ермаков Павел Денисович;27.10.1997;холост;есть дети;Смоленский городской участок (СГУ);Инженер-электрик;20;Нет;Нет;Нет;высшее образование - бакалавриат;Нет;0;5;9;3;3;5;0
144;Сергеев Валерий Германович;18.01.1956;женат;есть дети;Отдел эксплуатации автоматизированных систем коммерческого учета электроэнергии (ОЭ АСКУЭ);Электромонтер по эксплуатации РС;22;Нет;Да;Нет;среднее профессиональное образование;Нет;7;5;9;10;0;1;0
145;Федотов Лукьян Всеволодович;04.11.1993;женат;есть дети;Отдел эксплуатации автоматизированных систем коммерческого учета электроэнергии (ОЭ АСКУЭ);Электромонтер оперативно-выездной бригады ;6;Нет;Нет;Да;среднее профессиональное образование;Нет;2;0;7;9;7;10;0
146;Прохоров Казимир Дмитрьевич;19.08.1989;женат;есть дети;Отдел эксплуатации телекоммуникаций (ОЭ ТК);Электромонтер по испытаниям и измерениям;8;Нет;Нет;Нет;среднее профессиональное образование;Нет;9;10;8;0;5;3;0
147;Аксёнов Азарий Митрофанович;16.04.1996;женат;есть дети;Южный участок;Инженер-электрик;8;Нет;Нет;Нет;среднее профессиональное образование;Нет;9;8;4;0;10;6;0
148;Филатов Савелий Егорович;07.10.1979;разведен;есть дети;Западный участок;Специалист Центра обслуживания потребителей;17;Нет;Да;Нет;среднее профессиональное образование;Нет;4;9;5;0;7;3;0
149;Новиков Харитон Антонинович;05.06.1997;женат;есть дети;Управление корпоративных и технологических автоматизированных систем управления (УКиТ АСУ);Инженер отдела эксплуатации и развития систем учета;7;Нет;Нет;Да;высшее образование - бакалавриат;Нет;6;4;3;0;3;0;0
150;Гришин Соломон Тимурович;16.12.1983;холост;;Южный участок;Специалист по охране труда;20;Нет;Нет;Нет;высшее образование - бакалавриат;Нет;8;7;2;4;1;9;0
151;Красильников Карл Наумович;06.05.1986;холост;есть дети;Восточный участок;Инженер отдела эксплуатации и развития систем учета;11;Нет;Нет;Нет;высшее образование - бакалавриат;Нет;9;7;2;3;7;4;0
152;Воронцов Вячеслав Евсеевич;28.04.1985;разведен;;Отдел эксплуатации ИТ (ОЭ ИТ);ИТ-специалист;4;Нет;Нет;Нет;высшее образование - бакалавриат;Нет;0;2;3;10;6;6;0
153;Аксёнов Никифор Лаврентьевич;03.03.1970;холост;;Управление корпоративных и технологических автоматизированных систем управления (УКиТ АСУ);Диспетчер оперативно-технологической группы;5;Нет;Нет;Нет;среднее профессиональное образование;Да;4;2;3;3;2;4;1
154;Евдокимов Гордей Агафонович;16.07.1995;холост;;Отдел безопасности;Инженер по релейной защите и автоматике (РЗА);2;Нет;Нет;Нет;высшее образование - бакалавриат;Нет;7;8;0;9;7;9;0
155;Фомичёв Алексей Натанович;25.01.1959;разведен;;Западный участок;Инженер ПТО;8;Нет;Нет;Нет;высшее образование - бакалавриат;Нет;4;9;7;2;7;8;0
156;Лукин Мартын Парфеньевич;25.04.1964;женат;есть дети;Восточный участок;Инженер-электрик;1;Нет;Нет;Нет;высшее образование - бакалавриат;Нет;4;2;9;4;10;9;0
157;Зуев Осип Митрофанович;02.04.1957;женат;;Отдел эксплуатации ИТ (ОЭ ИТ);Технический IT-специалист;10;Нет;Нет;Нет;среднее профессиональное образование;Нет;8;4;8;3;3;2;0
158;Симонов Евдоким Ярославович;29.10.1964;разведен;есть дети;Отдел эксплуатации автоматизированных систем диспетчерского управления (ОЭ АСДУ);Электромонтер по ремонту воздушных линий электропередачи;23;Нет;Нет;Нет;среднее профессиональное образование;Нет;5;5;8;8;5;5;0
159;Савин Леонид Егорович;09.09.1980;холост;есть дети;Южный участок;Инженер охраны труда;12;Нет;Нет;Нет;среднее профессиональное образование;Нет;8;9;5;3;5;10;0
160;Рогов Арсений Никитевич;31.08.1957;холост;;Отдел эксплуатации автоматизированных систем коммерческого учета электроэнергии (ОЭ АСКУЭ);Электромонтер по обслуживанию подстанции;11;Нет;Нет;Нет;среднее профессиональное образование;Нет;6;6;8;4;9;9;0
161;Крюков Владислав Святославович;01.06.1981;женат;есть дети;Отдел эксплуатации ИТ (ОЭ ИТ);Технический IT-специалист;21;Нет;Нет;Нет;среднее профессиональное образование;Нет;10;2;0;10;2;1;0
162;Дорофеев Ипполит Федосеевич;23.05.1996;холост;есть дети;Отдел эксплуатации телекоммуникаций (ОЭ ТК);Инженер 1 категории управления технологического развития и цифровизации;17;Нет;Нет;Нет;высшее образование - специалитет магистратура;Да;0;5;5;8;6;9;0
163;Рожков Ярослав Яковлевич;03.09.1991;холост;есть дети;Южный участок;Начальник района электрических сетей;12;Нет;Нет;Нет;высшее образование - специалитет магистратура;Да;4;2;3;4;5;2;1
164;Белозёров Вениамин Адольфович;14.11.1991;холост;;Отдел безопасности;Специалист по ИБ;8;Нет;Нет;Нет;высшее образование - бакалавриат;Нет;3;3;3;3;4;0;0
165;Фадеев Евдоким Парфеньевич;17.12.1987;холост;;Южный участок;Специалист по охране труда;17;Нет;Нет;Нет;высшее образование - специалитет магистратура;Нет;3;3;1;9;0;7;0
166;Пахомов Вениамин Арсеньевич;11.05.1985;разведен;есть дети;Отдел эксплуатации автоматизированных систем коммерческого учета электроэнергии (ОЭ АСКУЭ);Электромонтер оперативно-выездной бригады ;15;Нет;Нет;Нет;среднее профессиональное образование;Нет;7;6;0;1;9;10;0
167;Васильев Эрик Георгьевич;29.11.1994;разведен;;Отдел эксплуатации телекоммуникаций (ОЭ ТК);Мастер бригады РЭС;11;Нет;Нет;Нет;высшее образование - бакалавриат;Нет;9;10;3;3;10;10;0
168;Михайлов Глеб Григорьевич;15.09.1961;разведен;;Центральный участок;Инженер-электрик;9;Нет;Нет;Нет;среднее профессиональное образование;Нет;5;8;0;10;7;9;0
169;Стрелков Антон Макарович;26.04.1988;женат;;Управление корпоративных и технологических автоматизированных систем управления (УКиТ АСУ);Инженер по релейной защите и автоматике (РЗА);21;Нет;Нет;Нет;высшее образование - специалитет магистратура;Нет;0;1;9;2;2;3;0
170;Лаврентьев Егор Борисович;22.09.1964;женат;;Управление корпоративных и технологических автоматизированных систем управления (УКиТ АСУ);Инженер отдела эксплуатации и развития систем учета;10;Нет;Нет;Нет;высшее образование - бакалавриат;Нет;8;5;10;5;3;10;0
171;Фомичёв Максим Георгиевич;20.11.1989;разведен;;Отдел эксплуатации автоматизированных систем коммерческого учета электроэнергии (ОЭ АСКУЭ);Мастер участка службы подстанций;9;Нет;Нет;Нет;среднее профессиональное образование;Нет;10;5;7;10;8;3;0
172;Попов Мирон Пётрович;26.12.1962;разведен;;Отдел эксплуатации телекоммуникаций (ОЭ ТК);Мастер бригады РЭС;2;Нет;Нет;Нет;среднее профессиональное образование;Нет;4;5;2;5;2;4;1
173;Носов Ермак Валерьевич;12.02.1957;холост;;Центральный участок;Техник отдела маркетинга и взаимодействия с клиентами;19;Нет;Нет;Нет;среднее профессиональное образование;Нет;3;2;3;1;1;4;1
174;Савина Ярослава Пантелеймоновна;16.12.1967;замужем;;Отдел безопасности;Инженер по релейной защите и автоматике (РЗА);9;Нет;Да;Да;высшее образование - бакалавриат;Да;7;8;1;8;8;9;0
175;Коновалова Юланта Львовна;04.12.1976;замужем;есть дети;Отдел эксплуатации автоматизированных систем коммерческого учета электроэнергии (ОЭ АСКУЭ);Мастер бригады РЭС;4;Нет;Нет;Нет;среднее профессиональное образование;Нет;3;1;1;1;4;0;1
176;Соболева Юстина Пантелеймоновна;15.01.1964;не замужем;;Восточный участок;Инженер отдела эксплуатации и развития систем учета;22;Нет;Нет;Нет;высшее образование - бакалавриат;Нет;6;8;6;3;2;1;0
177;Шубина Ольга Даниловна;25.02.1973;разведена;есть дети;Отдел эксплуатации автоматизированных систем коммерческого учета электроэнергии (ОЭ АСКУЭ);Электромонтер оперативно-выездной бригады ;3;Нет;Нет;Нет;среднее профессиональное образование;Нет;3;1;9;8;3;6;0
178;Александрова Анэля Якововна;01.05.1986;не замужем;есть дети;Управление корпоративных и технологических автоматизированных систем управления (УКиТ АСУ);Инженер по релейной защите и автоматике (РЗА);14;Нет;Нет;Нет;высшее образование - бакалавриат;Нет;10;1;2;4;10;2;0
179;Зыкова Бронислава Лукьяновна;07.03.1972;замужем;есть дети;Отдел эксплуатации автоматизированных систем коммерческого учета электроэнергии (ОЭ АСКУЭ);Мастер бригады РЭС;13;Нет;Нет;Нет;среднее профессиональное образование;Нет;5;6;6;6;0;7;0
180;Казакова Дания Германовна;17.10.1980;замужем;;Отдел эксплуатации телекоммуникаций (ОЭ ТК);Электромонтер по испытаниям и измерениям;23;Нет;Нет;Нет;среднее профессиональное образование;Нет;5;10;10;8;7;8;0
181;Егорова Эльмира Артемовна;17.09.1972;не замужем;;Управление корпоративных и технологических автоматизированных систем управления (УКиТ АСУ);Диспетчер оперативно-технологической группы;14;Нет;Нет;Нет;среднее профессиональное образование;Нет;7;9;5;2;2;6;0
182;Цветкова Октябрина Авдеевна;13.11.1955;разведена есть дети;есть дети;Западный участок;Инженер-электрик;8;Нет;Нет;Нет;высшее образование - бакалавриат;Нет;6;9;9;10;7;5;0
183;Пахомова Аюна Ильяовна;04.08.1974;замужем есть дети;есть дети;Отдел безопасности;Инженер управления производственной безопасности и производственного контроля;2;Нет;Нет;Нет;высшее образование - бакалавриат;Нет;1;8;0;5;10;7;0
184;Белозёрова Раиса Антониновна;06.10.1973;замужем;;Восточный участок;Инженер-электрик;13;Нет;Нет;Нет;высшее образование - бакалавриат;Да;3;1;1;5;3;1;0
185;Беляева Ветта Григорьевна;21.07.1994;не замужем;;Управление корпоративных и технологических автоматизированных систем управления (УКиТ АСУ);Электрослесарь по ремонту оборудования распределительных устройств;13;Нет;Нет;Нет;среднее профессиональное образование;Да;3;0;10;4;5;9;0
186;Якушева Нонна Анатольевна;16.03.1963;разведена;;Восточный участок;Специалист по охране труда;2;Нет;Нет;Нет;высшее образование - бакалавриат;Нет;8;3;4;4;8;5;0
187;Тихонова Дарья Авдеевна;25.07.1991;разведена;есть дети;Западный участок;Инженер-электрик;1;Нет;Нет;Нет;среднее профессиональное образование;Нет;9;4;7;2;5;4;0
188;Миронова Ивона Кирилловна;12.05.1978;не замужем;;Смоленский городской участок (СГУ);Мастер бригады РЭС;1;Нет;Нет;Нет;среднее профессиональное образование;Нет;6;7;8;9;4;10;0
189;Данилова Сима Ярославовна;26.03.1970;разведена;;Восточный участок;Инженер ПТО;5;Нет;Нет;Нет;среднее профессиональное образование;Нет;10;8;2;10;4;2;0
190;Вишнякова Ева Викторовна;13.04.1959;разведена;есть дети;Смоленский городской участок (СГУ);Электромонтер по эксплуатации электросчетчиков;3;Нет;Нет;Нет;среднее профессиональное образование;Нет;4;0;2;10;3;4;0
191;Зыкова Беатриса Валерьевна;18.04.1989;разведена;;Западный участок;Инженер отдела эксплуатации и развития систем учета;19;Нет;Нет;Нет;высшее образование - специалитет магистратура;Нет;3;4;2;5;3;2;1
192;Никонова Софья Витальевна;16.07.1962;разведена;;Отдел безопасности;Специалист по ИБ;23;Нет;Нет;Нет;высшее образование - бакалавриат;Нет;2;2;6;6;7;9;0
193;Дмитриева Татьяна Митрофановна;13.03.1972;разведена;есть дети;Отдел эксплуатации автоматизированных систем коммерческого учета электроэнергии (ОЭ АСКУЭ);Электромонтер оперативно-выездной бригады ;11;Нет;Нет;Да;среднее профессиональное образование;Нет;2;4;5;1;0;5;0
194;Аксёнова Даниэла Матвеевна;17.06.1977;замужем;есть дети;Отдел безопасности;Специалист по ИБ;6;Нет;Нет;Нет;высшее образование - бакалавриат;Да;8;6;0;8;8;8;1
195;Голубева Силика Агафоновна;14.12.1990;замужем;;Отдел эксплуатации автоматизированных систем коммерческого учета электроэнергии (ОЭ АСКУЭ);Электромонтер оперативно-выездной бригады ;11;Нет;Да;Нет;среднее профессиональное образование;Нет;4;2;2;1;5;6;1
196;Копылова Инесса Юлиановна;17.07.1994;замужем;;Отдел эксплуатации автоматизированных систем коммерческого учета электроэнергии (ОЭ АСКУЭ);Мастер участка службы подстанций;5;Нет;Да;Нет;высшее образование - бакалавриат;Нет;1;7;4;4;7;4;1
197;Орлова Гелла Демьяновна;20.11.1983;замужем;;Западный участок;Мастер бригады РЭС;2;Нет;Нет;Нет;среднее профессиональное образование;Нет;5;5;9;5;3;3;0
198;Гущина Цветана Анатольевна;22.04.1977;разведена;;Восточный участок;Инженер охраны труда;11;Нет;Нет;Нет;высшее образование - бакалавриат;Нет;4;7;7;0;5;4;1
199;Коновалова Кармелитта Семёновна;02.01.1956;замужем;есть дети;Западный участок;Техник отдела маркетинга и взаимодействия с клиентами;7;Нет;Нет;Нет;среднее профессиональное образование;Нет;2;9;4;2;4;1;0
200;Русакова Хильда Якуновна;30.06.1982;разведена;есть дети;Западный участок;Мастер бригады РЭС;17;Нет;Нет;Нет;среднее профессиональное образование;Нет;10;9;9;4;7;6;1
201;Воробьёва Азиза Федоровна;29.03.1986;замужем;;Управление корпоративных и технологических автоматизированных систем управления (УКиТ АСУ);Инженер отдела эксплуатации и развития систем учета;17;Нет;Нет;Нет;высшее образование - бакалавриат;Нет;5;3;10;5;4;9;1
202;Архипова Римма Геннадьевна;24.02.1985;замужем;есть дети;Восточный участок;Инженер-электрик;17;Нет;Нет;Нет;высшее образование - бакалавриат;Нет;10;9;7;4;7;10;1
203;Горбунова Алевтина Данииловна;31.01.1980;замужем;есть дети;Центральный участок;Инженер отдела эксплуатации и развития систем учета;3;Нет;Нет;Нет;высшее образование - бакалавриат;Нет;5;10;0;9;4;4;0
204;Фёдорова Ралина Даниловна;06.12.1977;не замужем;;Отдел эксплуатации телекоммуникаций (ОЭ ТК);Электромонтер оперативно-выездной бригады ;25;Нет;Нет;Да;среднее профессиональное образование;Нет;6;6;3;3;10;7;0
205;Евсеева Милана Натановна;27.04.1979;не замужем;есть дети;Отдел эксплуатации ИТ (ОЭ ИТ);ИТ-специалист;7;Нет;Нет;Нет;высшее образование - бакалавриат;Да;10;9;6;5;6;2;0
206;Копылова Виталина Христофоровна;11.01.1972;замужем;;Смоленский городской участок (СГУ);Инженер отдела эксплуатации и развития систем учета;13;Нет;Нет;Да;высшее образование - бакалавриат;Нет;4;2;3;8;7;4;0
207;Щербакова Дина Федоровна;11.12.1955;не замужем;;Смоленский городской участок (СГУ);Инженер охраны труда;6;Нет;Нет;Нет;высшее образование - бакалавриат;Нет;4;3;4;1;7;7;0
208;Гущина Веселина Евгеньевна;22.08.1977;замужем;есть дети;Отдел эксплуатации телекоммуникаций (ОЭ ТК);Инженер 1 категории управления технологического развития и цифровизации;17;Нет;Нет;Нет;высшее образование - специалитет магистратура;Да;4;10;6;4;4;5;0
209;Яковлева Силика Сергеевна;17.09.1976;не замужем;есть дети;Отдел эксплуатации телекоммуникаций (ОЭ ТК);Мастер бригады РЭС;15;Нет;Нет;Нет;среднее профессиональное образование;Нет;7;5;1;4;2;10;0
210;Абрамова Лилу Тарасовна;15.05.1978;замужем;есть дети;Управление корпоративных и технологических автоматизированных систем управления (УКиТ АСУ);Инженер отдела эксплуатации и развития систем учета;10;Нет;Нет;Нет;высшее образование - бакалавриат;Да;10;9;3;4;3;8;1
211;Тарасова Лали Филатовна;20.05.1971;замужем;;Управление корпоративных и технологических автоматизированных систем управления (УКиТ АСУ);Диспетчер оперативно-технологической группы;22;Нет;Нет;Нет;среднее профессиональное образование;Да;7;7;4;10;1;7;0
212;Кудряшова Доминика Валерьяновна;03.09.1995;не замужем;;Управление корпоративных и технологических автоматизированных систем управления (УКиТ АСУ);Электрослесарь по ремонту оборудования распределительных устройств;2;Нет;Нет;Нет;среднее профессиональное образование;Да;1;9;2;4;7;2;1
213;Сазонова Неонила Степановна;17.03.1969;разведена;;Южный участок;Специалист Центра обслуживания потребителей;1;Нет;Нет;Нет;высшее образование - бакалавриат;Нет;1;5;10;2;4;7;0
214;Прохорова Гелана Романовна;19.01.1977;замужем;;Восточный участок;Инженер отдела эксплуатации и развития систем учета;8;Нет;Нет;Нет;высшее образование - бакалавриат;Нет;5;1;4;3;4;0;1
215;Брагина Юзефа Всеволодовна;17.12.1990;замужем;;Смоленский городской участок (СГУ);Мастер бригады РЭС;11;Нет;Да;Нет;среднее профессиональное образование;Нет;6;8;10;8;7;10;0
216;Потапова Гелана Авксентьевна;14.10.1966;разведена;;Восточный участок;Техник отдела маркетинга и взаимодействия с клиентами;11;Нет;Нет;Нет;среднее профессиональное образование;Нет;0;2;2;2;1;4;1
217;Потапова Лика Геннадьевна;16.12.1986;разведена;;Управление корпоративных и технологических автоматизированных систем управления (УКиТ АСУ);Инженер отдела эксплуатации и развития систем учета;10;Нет;Нет;Да;высшее образование - бакалавриат;Нет;7;7;9;6;2;0;1
218;Блинова Нинна Якововна;28.02.1975;разведена;есть дети;Отдел безопасности;Инженер управления производственной безопасности и производственного контроля;17;Нет;Нет;Да;высшее образование - бакалавриат;Нет;7;2;1;2;9;5;0
219;Селиверстова Варвара Тарасовна;29.11.1985;не замужем;;Отдел безопасности;Специалист по ИБ;16;Нет;Нет;Нет;высшее образование - бакалавриат;Нет;0;8;9;9;1;3;1
220;Бобылёва Дана Федотовна;21.09.1975;замужем;есть дети;Отдел эксплуатации ИТ (ОЭ ИТ);ИТ-специалист;14;Нет;Нет;Нет;высшее образование - бакалавриат;Да;0;5;5;2;2;8;1
221;Голубева Фаня Степановна;15.01.1980;не замужем;;Отдел эксплуатации телекоммуникаций (ОЭ ТК);Мастер бригады РЭС;9;Нет;Нет;Нет;среднее профессиональное образование;Нет;3;1;3;4;4;4;0
222;Макарова Хельга Николаевна;07.03.1987;разведена;есть дети;Отдел эксплуатации ИТ (ОЭ ИТ);Ведущий IT специалист;9;Нет;Нет;Нет;высшее образование - специалитет магистратура;Нет;0;5;2;0;6;0;0
223;Лаврентьева Леся Александровна;04.08.1960;замужем;;Восточный участок;Инженер отдела эксплуатации и развития систем учета;22;Да;Да;Нет;высшее образование - специалитет магистратура;Нет;4;2;6;8;8;2;0
224;Кузнецова Малика Куприяновна;14.11.1955;замужем;;Смоленский городской участок (СГУ);Мастер бригады РЭС;5;Нет;Нет;Да;среднее профессиональное образование;Нет;7;3;10;3;4;6;1
225;Алексеева Арьяна Платоновна;10.09.1961;замужем есть дети;есть дети;Отдел эксплуатации телекоммуникаций (ОЭ ТК);Мастер бригады РЭС;19;Нет;Нет;Нет;среднее профессиональное образование;Нет;6;3;1;5;9;4;1
226;Блинова Дина Антониновна;23.01.1984;не замужем;;Южный участок;Инженер ПТО;6;Нет;Нет;Нет;высшее образование - бакалавриат;Нет;9;0;0;6;4;5;1
227;Жданова Дана Натановна;29.09.1974;замужем;;Отдел эксплуатации телекоммуникаций (ОЭ ТК);Электромонтер оперативно-выездной бригады ;3;Нет;Нет;Нет;среднее профессиональное образование;Нет;0;7;10;2;9;9;1
228;Корнилова Уля Максимовна;02.07.1963;разведена;есть дети;Южный участок;Техник отдела маркетинга и взаимодействия с клиентами;25;Нет;Нет;Нет;среднее профессиональное образование;Нет;1;9;6;5;10;8;0
229;Соколова Беатриса Германовна;02.05.1986;разведена;;Южный участок;Инженер отдела эксплуатации и развития систем учета;3;Нет;Нет;Нет;высшее образование - бакалавриат;Нет;6;4;1;1;5;10;1
230;Дорофеева Эллада Авксентьевна;22.09.1990;разведена;есть дети;Смоленский городской участок (СГУ);Специалист по охране труда;1;Нет;Нет;Нет;среднее профессиональное образование;Нет;3;1;10;3;5;2;0
231;Кудрявцева Лиана Парфеньевна;31.12.1987;замужем;есть дети;Отдел эксплуатации автоматизированных систем диспетчерского управления (ОЭ АСДУ);Мастер бригады по эксплуатации распределительных сетей;16;Нет;Да;Нет;среднее профессиональное образование;Нет;6;0;9;8;1;0;1
232;Мухина Иветта Кирилловна;02.08.1973;не замужем;;Отдел эксплуатации телекоммуникаций (ОЭ ТК);Электромонтер по испытаниям и измерениям;11;Нет;Нет;Нет;среднее профессиональное образование;Нет;8;8;0;5;9;1;1
233;Красильникова Агата Евгеньевна;31.12.1996;не замужем есть дети;есть дети;Смоленский городской участок (СГУ);Инженер-электрик;23;Нет;Нет;Нет;высшее образование - бакалавриат;Нет;1;2;3;8;1;7;0
234;Сысоева Лиана Оскаровна;22.07.1996;не замужем;;Управление корпоративных и технологических автоматизированных систем управления (УКиТ АСУ);Диспетчер оперативно-технологической группы;8;Нет;Нет;Нет;среднее профессиональное образование;Нет;5;2;0;4;2;10;0
235;Ларионова Глафира Семёновна;13.06.1990;не замужем есть дети;есть дети;Управление корпоративных и технологических автоматизированных систем управления (УКиТ АСУ);Инженер отдела эксплуатации и развития систем учета;16;Нет;Нет;Нет;высшее образование - бакалавриат;Нет;5;6;3;9;4;0;0
236;Максимова Юфеза Улебовна;17.09.1980;разведена есть дети;есть дети;Отдел эксплуатации ИТ (ОЭ ИТ);Технический IT-специалист;21;Нет;Нет;Нет;среднее профессиональное образование;Нет;9;10;2;5;2;4;0
237;Лазарева Ралина Аркадьевна;14.06.1956;разведена;;Управление корпоративных и технологических автоматизированных систем управления (УКиТ АСУ);Инженер по релейной защите и автоматике (РЗА);6;Нет;Да;Нет;высшее образование - бакалавриат;Нет;1;7;1;10;5;0;0
238;Костина Илена Викторовна;24.11.1995;замужем;;Смоленский городской участок (СГУ);Электромонтер по эксплуатации электросчетчиков;19;Нет;Нет;Нет;среднее профессиональное образование;Да;4;1;4;4;2;4;1
239;Белозёрова Неонила Фроловна;31.12.1981;не замужем;есть дети;Отдел эксплуатации автоматизированных систем коммерческого учета электроэнергии (ОЭ АСКУЭ);Электромонтер по эксплуатации электросчетчиков;24;Нет;Нет;Нет;среднее профессиональное образование;Да;2;1;2;3;6;1;0
240;Чернова Аделина Феликсовна;16.08.1960;замужем;есть дети;Центральный участок;Инженер ПТО;5;Нет;Да;Нет;высшее образование - бакалавриат;Нет;2;6;4;3;5;1;1
241;Иванкова Ясмина Оскаровна;23.12.1998;разведена;;Центральный участок;Инженер-электрик;15;Нет;Нет;Нет;среднее профессиональное образование;Нет;8;10;3;8;8;1;0
242;Архипова Залина Матвеевна;15.05.1996;разведена;;Отдел эксплуатации автоматизированных систем коммерческого учета электроэнергии (ОЭ АСКУЭ);Электромонтер оперативно-выездной бригады ;20;Нет;Нет;Да;среднее профессиональное образование;Нет;9;8;10;4;2;5;0
243;Гордеева Астра Ярославовна;20.12.1961;разведена;есть дети;Отдел эксплуатации телекоммуникаций (ОЭ ТК);Инженер 1 категории управления технологического развития и цифровизации;12;Нет;Нет;Нет;высшее образование - специалитет магистратура;Да;3;3;2;5;6;2;0
244;Дорофеева Уля Георгиевна;10.04.1995;разведена;есть дети;Отдел эксплуатации автоматизированных систем коммерческого учета электроэнергии (ОЭ АСКУЭ);Мастер участка службы подстанций;22;Нет;Нет;Нет;высшее образование - бакалавриат;Да;8;5;7;3;8;5;0
245;Пестова Татьяна Георгьевна;27.09.1975;замужем;;Южный участок;Инженер-электрик;5;Да;Да;Нет;высшее образование - бакалавриат;Нет;5;2;6;0;4;4;1
246;Рогова Розалия Филипповна;28.10.1986;разведена;есть дети;Смоленский городской участок (СГУ);Инженер ПТО;2;Нет;Нет;Нет;высшее образование - бакалавриат;Нет;4;4;10;3;10;5;0
247;Евсеева Анита Мэлоровна;10.01.1974;не замужем;есть дети;Отдел эксплуатации телекоммуникаций (ОЭ ТК);Электромонтер по испытаниям и измерениям;15;Нет;Нет;Нет;среднее профессиональное образование;Нет;2;3;9;2;8;3;0
248;Лапина Дебора Парфеньевна;28.01.1982;разведена;;Восточный участок;Инженер охраны труда;17;Нет;Да;Нет;высшее образование - бакалавриат;Нет;7;7;2;8;4;6;1
249;Афанасьева Лиана Дмитрьевна;05.01.1997;замужем;есть дети;Отдел эксплуатации телекоммуникаций (ОЭ ТК);Электромонтер оперативно-выездной бригады ;9;Нет;Нет;Да;среднее профессиональное образование;Нет;3;4;8;0;3;0;0
250;Зимина Беатриса Антоновна;12.03.1998;не замужем;есть дети;Западный участок;Специалист по охране труда;3;Нет;Нет;Нет;среднее профессиональное образование;Нет;4;4;4;5;2;3;1
251;Карпова Нонна Кимовна;03.02.1961;замужем;;Управление корпоративных и технологических автоматизированных систем управления (УКиТ АСУ);Инженер отдела эксплуатации и развития систем учета;15;Нет;Нет;Нет;высшее образование - бакалавриат;Да;6;4;1;0;10;3;0
252;Чернова Фрида Пётровна;19.01.1987;разведена;есть дети;Отдел эксплуатации автоматизированных систем коммерческого учета электроэнергии (ОЭ АСКУЭ);Электромонтер оперативно-выездной бригады ;6;Нет;Нет;Да;среднее профессиональное образование;Да;2;5;5;1;3;9;0
253;Александрова Иоанна Григорьевна;14.07.1986;не замужем;есть дети;Отдел эксплуатации телекоммуникаций (ОЭ ТК);Мастер бригады РЭС;17;Нет;Нет;Нет;среднее профессиональное образование;Нет;0;3;9;10;8;6;0
254;Дроздова Илена Геннадиевна;20.10.1998;замужем;есть дети;Западный участок;Инженер-электрик;14;Да;Нет;Да;высшее образование - бакалавриат;Да;8;9;8;8;8;6;0
255;Филиппова Анисья Якововна;17.03.1977;не замужем;;Управление корпоративных и технологических автоматизированных систем управления (УКиТ АСУ);Диспетчер оперативно-технологической группы;21;Нет;Нет;Нет;среднее профессиональное образование;Нет;7;1;2;10;10;1;0
256;Игнатова Ульна Вадимовна;02.11.1985;замужем;;Восточный участок;Инженер ПТО;5;Нет;Нет;Нет;высшее образование - бакалавриат;Нет;5;6;9;4;7;0;0
257;Щукина Лира Борисовна;11.10.1992;разведена;;Южный участок;Специалист по охране труда;9;Нет;Нет;Нет;высшее образование - бакалавриат;Нет;5;9;7;1;1;7;0
258;Панова Женевьева Максовна;19.06.1976;разведена;есть дети;Смоленский городской участок (СГУ);Инженер охраны труда;13;Нет;Нет;Нет;высшее образование - бакалавриат;Нет;2;1;5;0;9;1;0
259;Лебедев Нестор Вадимович;03.12.1966;холост;есть дети;Отдел эксплуатации ИТ (ОЭ ИТ);Технический IT-специалист;7;Нет;Нет;Нет;среднее профессиональное образование;Нет;6;3;5;9;7;3;0
260;Филиппов Цицерон Иванович;03.04.1994;холост;;Управление корпоративных и технологических автоматизированных систем управления (УКиТ АСУ);Инженер отдела эксплуатации и развития систем учета;22;Нет;Да;Нет;среднее профессиональное образование;Нет;1;10;4;5;3;6;0
261;Беляев Тимофей Романович;04.08.1975;женат;;Отдел безопасности;Специалист по ИБ;15;Нет;Нет;Нет;высшее образование - специалитет магистратура;Нет;4;1;2;10;0;5;0
262;Федункив Владлен Андреевич;26.11.1962;холост;;Центральный участок;Техник отдела маркетинга и взаимодействия с клиентами;3;Нет;Нет;Нет;среднее профессиональное образование;Нет;10;1;3;10;10;0;0
263;Шаров Ленар Эдуардович;12.01.1986;женат;;Отдел эксплуатации автоматизированных систем коммерческого учета электроэнергии (ОЭ АСКУЭ);Электромонтер по эксплуатации РС;1;Нет;Нет;Нет;среднее профессиональное образование;Нет;10;5;8;7;0;0;0
264;Сасько Лука Эдуардович;26.03.1975;разведен;есть дети;Отдел безопасности;Инженер управления производственной безопасности и производственного контроля;22;Нет;Нет;Нет;высшее образование - бакалавриат;Нет;1;0;5;0;3;0;0
265;Цушко Лукьян Данилович;19.05.1967;разведен;есть дети;Отдел эксплуатации автоматизированных систем коммерческого учета электроэнергии (ОЭ АСКУЭ);Электромонтер оперативно-выездной бригады ;7;Нет;Нет;Да;среднее профессиональное образование;Нет;2;10;6;10;0;2;0
266;Миронов Максим Владимирович;02.02.1990;холост;есть дети;Западный участок;Специалист Центра обслуживания потребителей;13;Нет;Нет;Нет;среднее профессиональное образование;Да;3;7;6;5;2;5;0
267;Голубев Геннадий Леонидович;22.01.1967;женат;;Управление корпоративных и технологических автоматизированных систем управления (УКиТ АСУ);Инженер по релейной защите и автоматике (РЗА);9;Нет;Нет;Нет;высшее образование - бакалавриат;Нет;4;6;7;1;8;0;0
268;Котов Устин Львович;06.02.1987;холост;;Отдел безопасности;Специалист по ИБ;21;Нет;Нет;Нет;высшее образование - бакалавриат;Нет;7;2;5;4;5;0;0
269;Грабчак Фёдор Анатолиевич;05.01.1964;разведен;есть дети;Отдел эксплуатации ИТ (ОЭ ИТ);ИТ-специалист;8;Нет;Нет;Нет;высшее образование - специалитет магистратура;Нет;1;3;3;1;10;7;0
270;Баранов Евдоким Данилович;12.07.1980;холост;;Смоленский городской участок (СГУ);Инженер отдела эксплуатации и развития систем учета;1;Нет;Нет;Нет;высшее образование - бакалавриат;Нет;0;6;7;0;7;8;0
271;Гребневский Чарльз Иванович;22.03.1990;разведен;;Управление корпоративных и технологических автоматизированных систем управления (УКиТ АСУ);Инженер отдела эксплуатации и развития систем учета;13;Нет;Нет;Нет;высшее образование - бакалавриат;Нет;10;7;2;4;1;2;0
272;Бондаренко Глеб Артёмович;22.03.1967;женат;;Восточный участок;Инженер отдела эксплуатации и развития систем учета;3;Нет;Нет;Нет;высшее образование - бакалавриат;Да;3;1;7;7;4;4;0
273;Матвеев Людовик Дмитриевич;26.03.1962;холост;;Восточный участок;Электромонтер по эксплуатации РС;8;Нет;Нет;Нет;среднее профессиональное образование;Нет;3;0;8;4;7;3;0
274;Кузьмин Чеслав Станиславович;17.11.1993;женат;;Отдел эксплуатации ИТ (ОЭ ИТ);Технический IT-специалист;3;Да;Нет;Нет;среднее профессиональное образование;Нет;5;9;7;6;1;1;1
275;Острожский Жерар Ярославович;24.10.1973;разведен;есть дети;Смоленский городской участок (СГУ);Электромонтер по эксплуатации электросчетчиков;22;Нет;Нет;Нет;среднее профессиональное образование;Нет;7;9;10;10;2;7;0
276;Гуляев Болеслав Дмитриевич;13.03.1990;холост;есть дети;Западный участок;Инженер-электрик;18;Да;Нет;Нет;высшее образование - бакалавриат;Нет;10;1;10;6;5;2;1
277;Кобзар Цезарь Ярославович;09.08.1991;женат;;Управление корпоративных и технологических автоматизированных систем управления (УКиТ АСУ);Диспетчер оперативно-технологической группы;24;Да;Нет;Нет;среднее профессиональное образование;Нет;0;6;3;6;6;0;0
278;Константинов Марат Платонович;08.09.1958;разведен;;Отдел эксплуатации автоматизированных систем коммерческого учета электроэнергии (ОЭ АСКУЭ);Электромонтер оперативно-выездной бригады ;1;Нет;Нет;Нет;среднее профессиональное образование;Нет;9;9;3;2;3;4;0
279;Николаев Шамиль Александрович;11.10.1987;холост;есть дети;Отдел эксплуатации телекоммуникаций (ОЭ ТК);Электромонтер оперативно-выездной бригады ;2;Нет;Нет;Нет;среднее профессиональное образование;Нет;4;8;5;6;5;0;0
280;Герасимов Шамиль Валериевич;20.04.1966;женат;есть дети;Отдел эксплуатации автоматизированных систем коммерческого учета электроэнергии (ОЭ АСКУЭ);Мастер участка службы подстанций;2;Нет;Нет;Да;высшее образование - бакалавриат;Нет;4;3;5;2;4;4;1
281;Савин Назар Богданович;18.04.1970;холост;;Центральный участок;Инженер-электрик;3;Да;Нет;Нет;высшее образование - бакалавриат;Нет;9;10;1;8;6;0;1
282;Гущин Зураб Артёмович;21.04.1995;разведен;;Отдел эксплуатации автоматизированных систем диспетчерского управления (ОЭ АСДУ);Электромонтер по эксплуатации распределительных сетей;16;Нет;Нет;Нет;среднее профессиональное образование;Нет;1;8;4;7;1;8;0
283;Андрухович Йонас Александрович;27.05.1976;женат;есть дети;Отдел эксплуатации автоматизированных систем диспетчерского управления (ОЭ АСДУ);Электромонтер по обслуживанию подстанции;1;Нет;Нет;Нет;среднее профессиональное образование;Нет;4;8;7;10;0;5;0
284;Палий Шарль Владимирович;09.12.1982;холост есть дети;есть дети;Отдел эксплуатации автоматизированных систем коммерческого учета электроэнергии (ОЭ АСКУЭ);Электромонтер по обслуживанию подстанции;16;Нет;Нет;Нет;среднее профессиональное образование;Нет;5;7;2;3;9;4;0
285;Терещенко Карен Станиславович;24.07.1991;женат;;Восточный участок;Инженер-электрик;7;Нет;Да;Нет;высшее образование - бакалавриат;Нет;3;0;2;1;6;4;1
286;Коровяк Лукиллиан Валериевич;06.08.1989;разведен;;Отдел эксплуатации автоматизированных систем коммерческого учета электроэнергии (ОЭ АСКУЭ);Электромонтер оперативно-выездной бригады ;20;Нет;Нет;Нет;среднее профессиональное образование;Нет;9;7;10;3;8;9;1
287;Панов Шамиль Юхимович;14.12.1976;женат;есть дети;Отдел эксплуатации телекоммуникаций (ОЭ ТК);Электромонтер по испытаниям и измерениям;2;Нет;Нет;Нет;среднее профессиональное образование;Нет;6;10;8;0;8;5;0
288;Кузнецов Эдуард Эдуардович;08.09.1976;холост;;Отдел эксплуатации автоматизированных систем диспетчерского управления (ОЭ АСДУ);Электромонтер по ремонту воздушных линий электропередачи;21;Нет;Нет;Нет;среднее профессиональное образование;Нет;8;4;2;3;1;6;1
289;Кузнецов Йонас Юхимович;28.07.1957;женат;;Смоленский городской участок (СГУ);Мастер бригады РЭС;9;Нет;Нет;Нет;среднее профессиональное образование;Нет;1;10;6;2;3;10;0
290;Вишняков Дарий Борисович;09.06.1984;холост;;Южный участок;Электромонтер по эксплуатации РС;4;Нет;Нет;Нет;среднее профессиональное образование;Нет;6;2;3;7;10;8;0
291;Плаксий Борис Анатолиевич;15.01.1964;разведен;есть дети;Отдел эксплуатации телекоммуникаций (ОЭ ТК);Инженер 1 категории управления технологического развития и цифровизации;10;Нет;Нет;Да;высшее образование - специалитет магистратура;Да;9;1;10;6;1;0;0
292;Цушко Юлиан Данилович;10.01.1961;холост;есть дети;Отдел эксплуатации телекоммуникаций (ОЭ ТК);Электромонтер оперативно-выездной бригады ;23;Нет;Нет;Да;среднее профессиональное образование;Нет;9;7;10;10;6;9;0
293;Кличко Жерар Григорьевич;06.11.1988;женат;;Отдел эксплуатации автоматизированных систем коммерческого учета электроэнергии (ОЭ АСКУЭ);Электромонтер по эксплуатации электросчетчиков;6;Нет;Нет;Нет;среднее профессиональное образование;Нет;7;0;10;3;4;7;0
294;Блохин Юрий Ярославович;01.09.1992;холост;;Отдел эксплуатации ИТ (ОЭ ИТ);Технический IT-специалист;19;Нет;Нет;Нет;среднее профессиональное образование;Нет;1;6;7;2;4;8;0
295;Соловьёв Никита Валериевич;25.01.1974;холост;;Управление корпоративных и технологических автоматизированных систем управления (УКиТ АСУ);Инженер отдела эксплуатации и развития систем учета;10;Нет;Нет;Нет;высшее образование - бакалавриат;Нет;9;8;5;5;6;5;0
296;Кулишенко Йоган Петрович;19.02.1960;женат;;Управление корпоративных и технологических автоматизированных систем управления (УКиТ АСУ);Электрослесарь по ремонту оборудования распределительных устройств;5;Нет;Нет;Нет;среднее профессиональное образование;Нет;2;2;6;2;5;10;0
297;Белов Евстахий Алексеевич;11.07.1971;женат;;Отдел эксплуатации автоматизированных систем коммерческого учета электроэнергии (ОЭ АСКУЭ);Электромонтер оперативно-выездной бригады ;5;Нет;Нет;Да;среднее профессиональное образование;Нет;10;9;8;9;6;0;0
298;Филатов Фёдор Леонидович;10.02.1988;холост;есть дети;Восточный участок;Инженер-электрик;8;Да;Нет;Нет;среднее профессиональное образование;Нет;4;9;6;9;2;1;1
299;Сергеев Прохор Александрович;10.11.1964;женат;есть дети;Отдел эксплуатации автоматизированных систем коммерческого учета электроэнергии (ОЭ АСКУЭ);Электромонтер оперативно-выездной бригады ;7;Нет;Нет;Нет;среднее профессиональное образование;Да;0;8;4;4;7;5;0
300;Горшков Тимофей Романович;26.02.1963;женат;;Отдел эксплуатации автоматизированных систем коммерческого учета электроэнергии (ОЭ АСКУЭ);Мастер участка службы подстанций;19;Нет;Нет;Да;высшее образование - бакалавриат;Да;6;5;8;3;1;5;0